"dsource_id","user_id","dsource_name"
"50","1","(新)当事人驾校排行Top10.xlsx"
"44","1","(新)小时-2011 _ 2012 华盛顿特区共享单车使用数据.xlsx"
"40","1","(新)上海市二手房源信息"
"36","1","(新)gaokao_类别"
"56","1","(新)事故记录和当事人联表聚合.xlsx"
"55","1","(新)事故过失信息筛选表"
"51","1","(新)当事人信息.xlsx"
"45","1","(新)车辆信息表.xlsx"
"39","1","(新)gaokao_录取院校"
"52","1","(新)贵阳天气.xlsx"
"47","1","(新)当事人-车型颜色聚合.xlsx"
"46","1","(新)当事人-车型聚合.xlsx"
"58","1","(新)事故发生表--时间.xlsx"
"57","1","(新)事故频发地段Top10.xlsx"
"53","1","(新)贵阳行政区域信息.xlsx"
"49","1","(新)当事人-年龄分段.xlsx"
"42","1","(新)xxx项目组产品质保数据"
"48","1","(新)当事人-年龄分段-性别映射.xlsx"
"43","1","(新)天数-2011 _ 2012 华盛顿特区共享单车使用数据.xlsx"
"41","1","(新)高考数据分析.xlsx"
"38","1","(新)gaokao_withrow"
